metric,analysis_unit,n_pairs,clean_mean,noisy_mean,mean_paired_delta,median_paired_delta,noisy_greater_fraction,cohen_dz,wilcoxon_stat,wilcoxon_p
predictive_variance,user,16916,38.26509794757055,39.31169093622049,1.046592988649929,0.9612464904785156,0.7129936155119414,0.6002468805844199,114284807.0,0.0
top20_dimension_share,user,16916,0.3370367804501653,0.34287274318654665,0.00583596273638135,0.006242682455398635,0.6551785292031213,0.3735539142187469,101073523.0,0.0
negative_normalized_entropy,user,16916,-0.9824152865940442,-0.9809891446853628,0.0014261419086814267,0.001521868505910684,0.6644596831402223,0.3573134711717112,100955406.0,0.0
